Bog; Nombre ;Cod Oficina ;Direccion ;N° Cajeros X ofc;N° Asesores X ofc
BOGOTA; ALHAMBRA;23;Calle 114 A NO. 45 - 78 PISO 2;2;2
BOGOTA; TOBERIN;24;Cll. 164 No. 21-53;3;3
BOGOTA; CEDRITOS;25;Calle 140 No. 12-87;6;6
BOGOTA; COLINA 138;27;Cll. 138 No 55 - 97 Local 101;7;7
BOGOTA; BULEVAR NIZA;29;AV.Cra. 58 N-127-59 Localal S-121 Y S-122;5;5
BOGOTA; SUBA;33;Cra. 92 No. 145 A-08 L-34 AL 37 CC SUBAZAR;3;3
BOGOTA; UNICENTRO;37;Av. 15 No. 123 - 30 Local 2-224 CC UNICENTRO;7;7
BOGOTA; CALLE 170;197;Cll. 170 No. 64 - 47 Local 13;1;1
BOGOTA; SANTA BARBARA;429;Cll. 125 No. 20-94 Local 3;4;4
BOGOTA; PRADO VERANIEGO;432;Cll. 129 No. 45 A -27;4;4
BOGOTA; VILLA DEL PRADO;443;Cra. 55 No. 170 - 35 Local 8;5;5
BOGOTA; CEDRO BOLIVAR;509;Cra. 17 No 151 - 44 Piso 2;3;3
BOGOTA; CALLE 109;791;Cra. 45 No. 108 A -50-30-34 Locales 101 - 102 Edificio BOSCH;2;2
BOGOTA; CONNECTA;958;Av. Cll. 26 No. 92 – 32 Edificios Gold 4 y 5 - Módulo D;2;2
BOGOTA; ALCAZARES;43;Cra. 24 No. 74 A - 24;2;2
BOGOTA; ANTIGUO COUNTRY;4;Cra. 15 N. 86 A 07 PISO 1;4;4
BOGOTA; AVENIDA CHILE;6;Calle 72 No. 6-40;4;4
BOGOTA; AVENIDA QUINCE;5;Av. Quince No. 106 - 57;3;3
BOGOTA; BOSA;923;Cra.. 92 No. 60-90 Sur;5;5
BOGOTA; BOSA GRAN PLAZA;64;Cll. 65 Sur N°78 H-51 Localales 217- 218 Centro Comercial GRAN PLAZA BOSA;6;6
BOGOTA; CALLE 13;196;Cll. 12 B No. 7 - 90 Piso 1;4;4
BOGOTA; CALLE 74;9;Cr 9 N 74 - 08;2;2
BOGOTA; CALLE 80;98;Av. Cll. 81 No. 69 Q- 50 Local 1033- Piso 1;4;4
BOGOTA; CALLE 91;21;Cll. 90 No. 11 -13 Local 3;1;1
BOGOTA; CALLE 97;13;Cra. 11 A No. 96  51 Piso 1;2;2
BOGOTA; CARRERA DECIMA;14;Cra. 10 No. 15 - 42;5;5
BOGOTA; CARVAJAL;473;Cra. 69 No. 25 - 41 Sur;3;3
BOGOTA; CASTILLA;63;Cra. 78 No. 8 A - 33;6;6
BOGOTA; CENTRO 93;11;Cra. 15 No. 93-60 Local 1-42 Piso 1;5;5
BOGOTA; CENTRO COMERCIAL CARRERA;77;Av. de las Américas No. 50 - 15;3;3
BOGOTA; CENTRO MAYOR;66;Cra. 27 No. 38 A - 83 Sur Local 1-177;8;8
BOGOTA; CHAPINERO;12;Cra. 13 No. 64 - 07;7;7
BOGOTA; CIUDAD MONTES;65;Cll. 8 Sur No. 35 A - 40;4;4
BOGOTA; CIUDAD TUNAL;75;Cll. 47 B Sur No.24 B-33 Local 2074;7;7
BOGOTA;  DIVER PLAZA ;58;Cll. 71 B No 100 - 11 Piso 1-2 B Local 103;9;9
BOGOTA; EL RETIRO;792;Cll. 82 No 11-75 Local 2-149;5;5
BOGOTA; FERIAS;48;Av. Cll. 72 No. 69 - 35;9;9
BOGOTA; FONTIBON ;156;Cra. 102 No. 17 - 27;7;7
BOGOTA; FONTIBON VIVA;897;DIAGONAL 16 No. 104-51 Local 20 Centro Comercial VIVA FONTIBON;2;2
BOGOTA; GALERIAS;51;Cll. 53 No 21-77 Local 1;5;5
BOGOTA; GRAN ESTACION;46;Cll. 26 No. 62 - 40 Local 247;5;5
BOGOTA; HACIENDA SANTA BARBARA;811;Cra. 7 No. 115 - 60 Local 212 Centro Comercial HACIENDA SANTA BARBARA;4;4
BOGOTA; IBERIA;797;Av. Cra. 58 No 130 - 84;2;2
BOGOTA; ISERRA 100;460;Transversal 55 No. 98 A - 66 Local 104 1 Piso Y 105 2 Piso ;5;5
BOGOTA; KENNEDY;69; Cll. 36 No. 73 D - 05 Sur ;7;7
BOGOTA; LA MAGDALENA;20;Cra. 13 No. 40 A - 17;3;3
BOGOTA; LA TORRE;3;Cra. 7 No. 24-89 Mezaninne Local 201;5;5
BOGOTA; LIDO;16;Cll. 16 No. 6 - 02;4;4
BOGOTA; LOS HAYUELOS;280;Cra. 86 No. 19 A - 50 Local 30;5;5
BOGOTA; MODELIA;59;AV Esperanza No. 75-45;3;3
BOGOTA; MONTEVIDEO;67;Cra. 68 D No 17-81;3;3
BOGOTA; NORMANDIA;53;Av. Boyacá No. 53 A - 36;4;4
BOGOTA; PALOQUEMAO;79;Cra. 25 No. 13 - 11;4;4
BOGOTA; PARK WAY;57;Av. Cra. 24 No. 37 - 34;2;2
BOGOTA; PLAZA CENTRAL;71;Cra. 65  No. 11 90 Local 249;3;3
BOGOTA; PLAZA CLARO;47;Cra. 68A No. 24B - 10 Local 119;3;3
BOGOTA; PLAZA DE LAS AMERICAS;468;Cra. 71D #6-94 Sur Locales 1709-1711;6;6
BOGOTA; RESTREPO;73;Cra. 20 No 15 - 30 Sur;7;7
BOGOTA; SALITRE PLAZA;22;Cra. 69 B No. 24 - 39 Local 282;6;6
BOGOTA; SAN MARTIN;18;Cra. 7 No. 32 A 70 Local 1-132;4;4
BOGOTA; SANTA FE;700;Cll. 185 No. 43-05 Local 167;6;6
BOGOTA; SIETE DE AGOSTO;42;Cra. 24 No. 63 C - 28;3;3
BOGOTA; SUBA IMPERIAL;634;Cra. 106 No. 146 - 27 L 1-26 CC IMPERIAL;6;6
BOGOTA; TORRE KRYSTAL;498;Cra. 7 No 156 - 10 Local 1 Edificio NORTH POINT TORRE KRYSTAL;1;1
BOGOTA; MODELIA;59;AV Esperanza No. 75-45;3;3
